Companies Hiring,Location
Capital One,"San Francisco, CA"
Balluun Inc,"Foster City, CA"
SmartRecruiters Inc,"San Francisco, CA"
Intelligrated Software,"Emeryville, CA"
Vevo,"San Francisco, CA"
Qadium,"San Francisco, CA"
Qadium,"San Francisco, CA"
Swift Navigation,"San Francisco, CA"
Google,"San Francisco, CA"
Plethora,"San Francisco, CA"
Radius,"San Francisco, CA"
Boxed,"San Mateo, CA"
Loggly.,"San Francisco, CA"
Coupa Software,"San Mateo, CA"
Radius,"San Francisco, CA"
AOL,"San Mateo, CA"
Coupa Software,"San Mateo, CA"
Britelite Immersive,"San Francisco, CA"
Radius,"San Francisco, CA"
Rocana,"San Francisco, CA"
Shift,"San Francisco, CA"
Twilio,"San Francisco, CA"
Fastly,"San Francisco, CA"
Fastly,"San Francisco, CA"
MSCI,"Berkeley, CA"
MaxPlay,"San Francisco, CA"
Qadium,"San Francisco, CA"
Flixster,"San Francisco, CA"
Radius,"San Francisco, CA"
CreativeLive,"San Francisco, CA"
Lever,"San Francisco, CA"
Cisco Meraki,"San Francisco, CA"
Google,"San Francisco, CA"
"Tempo Automation, Inc","San Francisco, CA"
Swift Navigation,"San Francisco, CA"
Salesforce,"San Francisco, CA"
Flixster/Rotten Tomatoes,"San Francisco, CA"
Fastly,"San Francisco, CA"
Likelihood,"San Francisco, CA"
Fastly,"San Francisco, CA"
PlayStation Network,"San Francisco, CA"
"MedeAnalytics, Inc","Emeryville, CA"
Radius,"San Francisco, CA"
Sauce Labs Inc,"San Francisco, CA"
LiveRamp,"San Francisco, CA"
New Context Services,"San Francisco, CA"
HTS Inc.,"Emeryville, CA"
Autodesk,"San Francisco, CA"
Fastly,"San Francisco, CA"
"Clerky, Inc.","Burlingame, CA"
"Clerky, Inc.","Burlingame, CA"
Brightcove,"San Francisco, CA"
PaperG,"San Francisco, CA"
SolarCity,"San Mateo, CA"
Lenos Software,"San Francisco, CA"
TubeMogul,"Emeryville, CA"
StackShare,"San Francisco, CA"
Telmate,"San Francisco, CA"
WANDA Inc.,"San Francisco, CA"
Flixster,"San Francisco, CA"
Radius,"San Francisco, CA"
Fastly,"San Francisco, CA"
"Gild, Inc.","San Francisco, CA"
Embee Mobile,"San Francisco, CA"
Salesforce,"San Francisco, CA"
Salesforce,"San Francisco, CA"
Quid,"San Francisco, CA"
Flixster,"San Francisco, CA"
Fastly,"San Francisco, CA"
MaxPlay,"San Francisco, CA"
TubeMogul,"Emeryville, CA"
Pivotal Labs,"San Francisco, CA"
Fenix International,"San Francisco, CA"
Blippar,"San Francisco, CA"
Forio,"San Francisco, CA"
StudyBlue Inc.,"San Francisco, CA"
Twilio,"San Francisco, CA"
PowerReviews,"San Francisco, CA"
Quid,"San Francisco, CA"
Open Garden,"San Francisco, CA"
NetSuite,"San Mateo, CA"
Twilio,"San Francisco, CA"
Twilio,"San Francisco, CA"
Wikimedia Foundation,"San Francisco, CA"
TubeMogul,"Emeryville, CA"
Clover Health,"San Francisco, CA"
"BitTorrent, Inc.","San Francisco, CA"
Lob.com,"San Francisco, CA"
Sunrun,"San Francisco, CA"
Coupa Software,"San Mateo, CA"
Jumpstart Automotive Group,"San Francisco, CA"
Sauce Labs Inc,"San Francisco, CA"
Xamarin,"San Francisco, CA"
AOL,"San Mateo, CA"
TubeMogul,"Emeryville, CA"
SolarCity,"San Mateo, CA"
TubeMogul,"Emeryville, CA"
Informer Systems,"San Mateo, CA"
"Rally Health, Inc.","San Francisco, CA"
Bright Funds,"San Francisco, CA"
Disqus,"San Francisco, CA"
Fastly,"San Francisco, CA"
Wrap Media,"San Francisco, CA"
Wikimedia Foundation,"San Francisco, CA"
Vango - fastest-growing art marketplace,"San Francisco, CA"
Gap Inc.,"San Francisco, CA"
SolarCity,"San Mateo, CA"
Twilio,"San Francisco, CA"
Razer Inc.,"San Francisco, CA"
SolarCity,"San Mateo, CA"
Pivotal Cloud Foundry,"San Francisco, CA"
Autodesk,"San Francisco, CA"
FIS Mobile,"San Francisco, CA"
PlayStation Network,"San Francisco, CA"
CreativeLive,"San Francisco, CA"
Crunchyroll,"San Francisco, CA"
Coupa Software,"San Mateo, CA"
Xamarin,"San Francisco, CA"
Blippar,"San Francisco, CA"
Loggly,"San Francisco, CA"
SolarCity,"San Mateo, CA"
"SwiftStack, Inc.","San Francisco, CA"
Discovery Digital Networks,"San Francisco, CA"
Moxie,"San Bruno, CA"
"Rally Health, Inc.","San Francisco, CA"
HelloSign,"San Francisco, CA"
Salesforce,"San Francisco, CA"
Sonar,"San Francisco, CA"
GitLab,"San Francisco, CA"
LiveRamp,"San Francisco, CA"
Gap Inc./GapTech,"San Francisco, CA"
Rocana,"San Francisco, CA"
"ENFOS, Inc.","San Mateo, CA"
Yola,"San Francisco, CA"
Reddit,"San Francisco, CA"
EducationSuperHighway,"San Francisco, CA"
SigFig,"San Francisco, CA"
Autodesk,"San Francisco, CA"
Workday,"San Francisco, CA"
PubNub Inc,"San Francisco, CA"
HelloSign,"San Francisco, CA"
Razer Inc.,"San Francisco, CA"
Sentient Technologies,"San Francisco, CA"
MuleSoft,"San Francisco, CA"
Distil Networks,"San Francisco, CA"
"Rally Health, Inc.","San Francisco, CA"
OnboardIQ,"San Francisco, CA"
Quantcast,"San Francisco, CA"
TubeMogul,"Emeryville, CA"
"Rally Health, Inc.","San Francisco, CA"
ROBLOX,"San Mateo, CA"
New Relic,"San Francisco, CA"
RiskIQ,"San Francisco, CA"
Blippar,"San Francisco, CA"
Twilio,"San Francisco, CA"
Guide Financial,"San Francisco, CA"
MuleSoft,"San Francisco, CA"
TubeMogul,"Emeryville, CA"
Ask.com,"Oakland, CA"
Salesforce,"San Francisco, CA"
Collective Digital Studio,"San Francisco, CA"
Rocana,"San Francisco, CA"
Keen IO,"San Francisco, CA"
Disqus,"San Francisco, CA"
Good Eggs,"San Francisco, CA"
Papertrail,"San Francisco, CA"
LiveRamp,"San Francisco, CA"
Wikimedia Foundation,"San Francisco, CA"
Wikimedia Foundation,"San Francisco, CA"
Wikimedia Foundation,"San Francisco, CA"
GOFACTORY,"San Francisco, CA"
Blippar,"San Francisco, CA"
DataHero,"San Francisco, CA"
Twilio,"San Francisco, CA"
TubeMogul,"Emeryville, CA"
Sharethrough,"San Francisco, CA"
Twilio,"San Francisco, CA"
Dictionary.com,"Oakland, CA"
Fisher Investments,"San Mateo, CA"
DeVilliers Technology Solutions,"San Bruno, CA"
"Rally Health, Inc.","San Francisco, CA"
Xamarin,"San Francisco, CA"
Gap Inc./GapTech,"San Francisco, CA"
Shuddle,"San Francisco, CA"
Stitch Fix,"San Francisco, CA"
Survox Inc.,"San Francisco, CA"
Globant,"San Francisco, CA"
Wrap Media,"San Francisco, CA"
Fastly,"San Francisco, CA"
ZeroCater,"San Francisco, CA"
Sharethrough,"San Francisco, CA"
Zenefits,"San Francisco, CA"
Wrap Media,"San Francisco, CA"
A Different Engine LLC,"San Francisco, CA"
Likelihood,"San Francisco, CA"
Sentient Technologies,"San Francisco, CA"
Sentient Technologies,"San Francisco, CA"
Exabeam,"San Francisco, CA"
Wrap Media,"San Francisco, CA"
NetSuite,"San Mateo, CA"
"Concurrent, Inc.","San Francisco, CA"
POPSUGAR,"San Francisco, CA"
"Healthcare Systems &amp; Technologies, LLC","Lafayette, CA"
Sentient Technologies,"San Francisco, CA"
3D Robotics,"San Francisco, CA"
Unity Technologies,"San Francisco, CA"
"TES USA (Wikispaces, Blendspace)","San Francisco, CA"
"Jut, Inc.","San Francisco, CA"
OSIsoft,"San Leandro, CA"
OSIsoft,"San Leandro, CA"
Sentient Technologies,"San Francisco, CA"
Palamida,"San Francisco, CA"
"Rally Health, Inc.","San Francisco, CA"
"Rally Health, Inc.","San Francisco, CA"
Demandbase,"San Francisco, CA"
Unity Technologies,"San Francisco, CA"
ShopRunner,"San Mateo, CA"
ROBLOX,"San Mateo, CA"
Oracle,"Redwood City, CA"
Coupa Software,"San Mateo, CA"
Doist,"San Francisco, CA"
ROBLOX,"San Mateo, CA"
Redfin,"San Francisco, CA"
Next Thing Co.,"Oakland, CA"
Shareroot,"Berkeley, CA"
Coupa Software,"San Mateo, CA"
"Rally Health, Inc.","San Francisco, CA"
ROBLOX,"San Mateo, CA"
Fastly,"San Francisco, CA"
ThoughtWorks,"San Francisco, CA"
Twilio,"San Francisco, CA"
Schoolzilla,"Oakland, CA"
Pandora Internet Radio,"Oakland, CA"
Google,"San Francisco, CA"
Sephora,"San Francisco, CA"
Renew Financial,"Oakland, CA"
Gap Inc.,"San Francisco, CA"
Clayster Inc.,"San Francisco, CA"
Clayster Inc.,"San Francisco, CA"
TubeMogul,"Emeryville, CA"
Fluidigm,"South San Francisco, CA"
Universal Electronics,"San Mateo, CA"
Okta,"San Francisco, CA"
Ahrefs Research,"San Francisco, CA"
